SMILES,ABTS,FRAP,HRSA,MCA,NOSA,ORAC,SOD,DPPH
C1=CC(=C(C=C1[C@H]2[C@@H](CC3=C(C=C(C=C3O2)O)O)O)O)O,0.9930857419967651,0.9888609051704407,0.29385778307914734,0.02379067987203598,0.8375990390777588,0.9989438652992249,0.9806986451148987,0.9970550537109375
Oc1ccc(cc1)\C=C\c2cc(O)cc(O)c2,0.8435701727867126,0.8520579934120178,0.005688004661351442,0.2732139527797699,0.8212523460388184,0.9953418970108032,0.035283517092466354,0.8962422609329224
N[C@@H](C[SeH])C(O)=O,0.9996646642684937,0.903651237487793,0.9241048693656921,0.45596015453338623,0.3477856516838074,0.9497815370559692,0.06772995740175247,0.9974493384361267
