SMILES,ABTS,FRAP,HRSA,MCA,NOSA,ORAC,SOD,DPPH
Oc1ccc(cc1)\C=C\c2cc(O)cc(O)c2,0.8435701727867126,0.8520579934120178,0.005688004661351442,0.2732139527797699,0.8212523460388184,0.9953418970108032,0.035283517092466354,0.8962422609329224
